{"cameraMode":{"drawMode":0,"name":"Shaded","section":"Shading Mode"},"sceneLighting":true,"audioPlay":false,"sceneViewState":{"m_AlwaysRefresh":false,"showFog":true,"showSkybox":true,"showFlares":true,"showImageEffects":true,"showParticleSystems":true,"showVisualEffectGraphs":true,"m_FxEnabled":true},"in2DMode":false,"pivot":{"x":5.116140842437744,"y":2.674363613128662,"z":7.530928611755371},"rotation":{"x":0.07577817887067795,"y":0.9145925045013428,"z":-0.20298267900943757,"w":0.3414345681667328},"size":0.49380987882614138,"orthographic":true}